
- Fei Sha:
  name: "Fei Sha"
  uri: "http://www-bcf.usc.edu/~feisha/"
  email: "feisha@usc.edu"
  bio: "Associate Professor"
  avatar: "/assets/imgs/people/fei_sha.jpg"
  twitter: "feishaAI"



- Melissa Ailem:
  name: "Melissa Ailem"
  uri: "https://melailem.github.io/"
  email: "ailem@usc.edu"
  bio: "Postdoc"
  avatar: "/assets/imgs/people/melissa_ailem.jpg"
  twitter: ""



- Séb Arnold:
  name: "Séb Arnold"
  uri: "http://seba-1511.github.io/"
  email: "arnolds@usc.edu"
  bio: "PhD Student"
  avatar: "/assets/imgs/people/seb_arnold.jpg"
  twitter: "seba1511"

- Aaron Chan:
  name: "Aaron Chan"
  uri: "https://aarzchan.github.io"
  email: "chanaaro@usc.edu"
  bio: "PhD Student"
  avatar: "/assets/imgs/people/aaron_chan.png"
  twitter: "aarzchan"

- Liyu Chen:
  name: "Liyu Chen"
  uri: "https://www.linkedin.com/in/liyu-chen-180254a3/"
  email: "chanaaro@usc.edu"
  bio: "PhD Student"
  avatar: "/assets/imgs/people/liyu_chen.jpg"
  twitter: ""

- Michiel de Jong:
  name: "Michiel de Jong"
  uri: "https://www.linkedin.com/in/michiel-de-jong-81ab1314"
  bio: "PhD Student"
  avatar: "/assets/imgs/people/michiel_de_jong.jpg"
  twitter: "MsdJ29"

- JP Francis:
  name: "JP Francis"
  uri: "https://www.linkedin.com/in/john-paul-francis-4b9260a6/"
  bio: "PhD Student"
  avatar: "/assets/imgs/people/jp_francis.jpg"
  twitter: ""

- Chin-Cheng Hsu:
  name: "Chin-Cheng Hsu"
  uri: "http://jeremycchsu.github.io/"
  email: "chincheh@usc.edu"
  bio: "PhD Student"
  avatar: "/assets/imgs/people/chincheng_jeremy_hsu.jpg"
  twitter: "JeremyCCHsu"

- Hexiang Hu:
  name: "Hexiang Hu"
  uri: "http://hexianghu.com/"
  email: "hexiang.frank.hu@gmail.com"
  bio: "PhD Student"
  avatar: "/assets/imgs/people/hexiang_frank_hu.jpg"
  twitter: "Hexiang_Hu"

- Shariq Iqbal:
  name: "Shariq Iqbal"
  uri: "https://shariqiqbal2810.github.io/"
  bio: "PhD Student"
  avatar: "/assets/imgs/people/shariq_iqbal.png"
  twitter: "shariqbal"

- Zhiyun Lu:
  name: "Zhiyun Lu"
  uri: "https://sites.google.com/site/zhiyunluu/home"
  email: "zhiyunlu@usc.edu"
  bio: "PhD Student"
  avatar: "/assets/imgs/people/zhiyun_lu.jpg"
  twitter: "snaaail1"

- Yiming Yan:
  name: "Yiming Yan"
  uri: "https://www.linkedin.com/in/yiming-yan-428397138/"
  bio: "PhD Student"
  avatar: "/assets/imgs/people/yiming_yan.jpg"
  twitter: ""

- Yury Zemlyanskiy:
  name: "Yury Zemlyanskiy"
  uri: "https://www.linkedin.com/in/yury-zemlyanskiy/"
  bio: "PhD Student"
  avatar: "/assets/imgs/people/yury_zemlyanskiy.jpg"
  twitter: ""

- Bowen Zhang:
  name: "Bowen Zhang"
  uri: "https://zbwglory.github.io/"
  bio: "PhD Student"
  avatar: "/assets/imgs/people/bowen_zhang.jpg"
  twitter: "bwzhang_usc"

- Ke Zhang:
  name: "Ke Zhang"
  uri: "http://www-scf.usc.edu/~zhan355/"
  email: "zhang.ke@usc.edu"
  bio: "PhD Student"
  avatar: "/assets/imgs/people/ke_zhang.jpg"
  twitter: ""
